cluster,precipitation
1,0.903630641
2,0.798438837
3,1.974190372
4,1.079771878
5,0.533830797
6,2.706747515
7,1.297779804
